<?xml version="1.0"?>
<!--<!DOCTYPE metadata SYSTEM "http://www.esri.com/metadata/esriprof80.dtd">-->
<metadata xml:lang="en"><Esri><CreaDate>20110317</CreaDate><CreaTime>08203300</CreaTime><SyncOnce>FALSE</SyncOnce><SyncDate>20110317</SyncDate><SyncTime>08292100</SyncTime><ModDate>20110317</ModDate><ModTime>08292100</ModTime><DataProperties><lineage><Process ToolSource="C:\Program Files\ArcGIS\ArcToolbox\Toolboxes\Analysis Tools.tbx\Clip" Date="20110316" Time="172619">Clip NREL_wind_projected wind_study_area H:\Suitability_Exercise\NREL_wind_projected_Clip.shp #</Process></lineage></DataProperties><MetaID>{EFE2925E-9167-4066-98B1-5A0B31343B50}</MetaID></Esri><idinfo><native Sync="TRUE">Microsoft Windows Vista Version 6.1 (Build 7600) ; ESRI ArcCatalog 9.3.1.4000</native><descript><langdata Sync="TRUE">en</langdata><abstract>Annual average wind resource potential for the eastern area of China at a 50 meter height.</abstract><purpose>Provide information on the wind resource development potential within China.</purpose><supplinf>This data set has been validated by NREL and wind energy meteorological consultants.  However, the data is not suitable for micro-siting potential development projects.  This shapefile was generated from a raster dataset with a 200 m resolution, in a UTM zone 12, datum WGS 84 projection system.</supplinf></descript><citation><citeinfo><origin>TrueWind Solutions/NREL</origin><pubdate>November, 2003</pubdate><title Sync="TRUE">Wind_Beijing</title><ftname Sync="TRUE">Wind_Beijing</ftname><geoform Sync="TRUE">vector digital data</geoform><onlink Sync="TRUE">\\UITATECHBP02\C$\Users\bparme01\Documents\classes\Fletcher Spring 2011\exercises\Suitability\Preprocessed_Data\Wind_Study_Area\Wind_Beijing.shp</onlink><othercit>The wind power resource estimates were produced by TrueWind Solutions using their MesoMap system and historical weather data under contract to Wind Powering America/NREL.  This map has been validated with available surface data by NREL and wind energy meteorological consultants.</othercit></citeinfo></citation><timeperd><current>publication date</current><timeinfo><sngdate><caldate>November, 2003</caldate></sngdate></timeinfo></timeperd><status><progress>Complete</progress><update>None planned</update></status><spdom><bounding><westbc Sync="TRUE">113.694958</westbc><eastbc Sync="TRUE">118.621119</eastbc><northbc Sync="TRUE">43.270855</northbc><southbc Sync="TRUE">39.625737</southbc></bounding><lboundng><leftbc Sync="TRUE">231578.685886</leftbc><rightbc Sync="TRUE">631578.685886</rightbc><bottombc Sync="TRUE">4390893.525653</bottombc><topbc Sync="TRUE">4790893.525653</topbc></lboundng></spdom><keywords><theme><themekt>wind</themekt><themekey>wind potential, wind resource</themekey></theme><place><placekey>China</placekey></place></keywords><accconst>None</accconst><useconst>This GIS data was developed by the National Renewable Energy Laboratory ("NREL"), which is operated by the Alliance for Sustainable Energy, LLC  for the U.S. Department of Energy ("DOE"). The user is granted the right, without any fee or cost, to use, copy, modify, alter, enhance and distribute this data for any purpose whatsoever, provided that this entire notice appears in all copies of the data. Further, the user of this data agrees to credit NREL in any publications or software that incorporate or use the data. 

Access to and use of the GIS data shall further impose the following obligations on the User. The names DOE/NREL may not be used in any advertising or publicity to endorse or promote any product or commercial entity using or incorporating the GIS data unless specific written authorization is obtained from DOE/NREL. The User also understands that DOE/NREL shall not be obligated to provide updates, support, consulting, training or assistance of any kind whatsoever with regard to the use of the GIS data. 

THE GIS DATA IS PROVIDED "AS IS" AND ANY EXPRESS OR IMPLIED WARRANTIES, INCLUDING BUT NOT LIMITED TO, THE IMPLIED WARRANTIES OF MERCHANTABILITY AND FITNESS FOR A PARTICULAR PURPOSE ARE DISCLAIMED. IN NO EVENT SHALL DOE/NREL BE LIABLE FOR ANY SPECIAL, INDIRECT OR CONSEQUENTIAL DAMAGES OR ANY DAMAGES WHATSOEVER, INCLUDING BUT NOT LIMITED TO CLAIMS ASSOCIATED WITH THE LOSS OF DATA OR PROFITS, WHICH MAY RESULT FROM AN ACTION IN CONTRACT, NEGLIGENCE OR OTHER TORTIOUS CLAIM THAT ARISES OUT OF OR IN CONNECTION WITH THE ACCESS OR USE OF THE GIS DATA. 

The User acknowledges that access to the GIS data is subject to U.S. Export laws and regulations and any use or transfer of the GIS data must be authorized under those regulations. The User shall not use, distribute, transfer, or transmit GIS data or any products incorporating the GIS data except in compliance with U.S. export regulations. If requested by DOE/NREL, the User agrees to sign written assurances and other export-related documentation as may be required to comply with U.S. export regulations.</useconst><natvform Sync="TRUE">Shapefile</natvform><ptcontac><cntinfo><cntperp><cntper>Donna Heimiller</cntper><cntorg>National Renewable Energy Laboratory</cntorg></cntperp><cntpos>Scientist II (GIS)</cntpos><cntvoice>303-384-7098</cntvoice><cntfax>303-384-6901</cntfax><cntemail>donna_heimiller@nrel.gov</cntemail></cntinfo></ptcontac></idinfo><dataIdInfo><envirDesc Sync="TRUE">Microsoft Windows Vista Version 6.1 (Build 7600) ; ESRI ArcCatalog 9.3.1.4000</envirDesc><dataLang><languageCode Sync="TRUE" value="en"></languageCode></dataLang><idCitation><resTitle Sync="TRUE">Wind_Beijing</resTitle><presForm><PresFormCd Sync="TRUE" value="005"></PresFormCd></presForm></idCitation><spatRpType><SpatRepTypCd Sync="TRUE" value="001"></SpatRepTypCd></spatRpType><dataExt><geoEle><GeoBndBox esriExtentType="native"><westBL Sync="TRUE">231578.685886</westBL><eastBL Sync="TRUE">631578.685886</eastBL><northBL Sync="TRUE">4790893.525653</northBL><southBL Sync="TRUE">4390893.525653</southBL><exTypeCode Sync="TRUE">1</exTypeCode></GeoBndBox></geoEle></dataExt><geoBox esriExtentType="decdegrees"><westBL Sync="TRUE">113.694958</westBL><eastBL Sync="TRUE">118.621119</eastBL><northBL Sync="TRUE">43.270855</northBL><southBL Sync="TRUE">39.625737</southBL><exTypeCode Sync="TRUE">1</exTypeCode></geoBox></dataIdInfo><metainfo><langmeta Sync="TRUE">en</langmeta><metstdn Sync="TRUE">FGDC Content Standards for Digital Geospatial Metadata</metstdn><metstdv Sync="TRUE">FGDC-STD-001-1998</metstdv><mettc Sync="TRUE">local time</mettc><metc><cntinfo><cntorgp><cntper>Donna Heimiller</cntper><cntorg>NREL</cntorg></cntorgp><cntaddr><addrtype>mailing address</addrtype><city>Golden</city><state>CO</state><postal>80401</postal><address>1617 Cole Boulevard</address></cntaddr><cntvoice>303-275-4667</cntvoice></cntinfo></metc><metd Sync="TRUE">20110317</metd><metextns><onlink Sync="TRUE">http://www.esri.com/metadata/esriprof80.html</onlink><metprof Sync="TRUE">ESRI Metadata Profile</metprof></metextns></metainfo><mdLang><languageCode Sync="TRUE" value="en"></languageCode></mdLang><mdStanName Sync="TRUE">ISO 19115 Geographic Information - Metadata</mdStanName><mdStanVer Sync="TRUE">DIS_ESRI1.0</mdStanVer><mdChar><CharSetCd Sync="TRUE" value="004"></CharSetCd></mdChar><mdHrLv><ScopeCd Sync="TRUE" value="005"></ScopeCd></mdHrLv><mdHrLvName Sync="TRUE">dataset</mdHrLvName><distinfo><resdesc Sync="TRUE">Downloadable Data</resdesc><stdorder><digform><digtinfo><transize Sync="TRUE">3.155</transize><dssize Sync="TRUE">3.155</dssize></digtinfo></digform></stdorder></distinfo><distInfo><distributor><distorTran><onLineSrc><orDesc Sync="TRUE">002</orDesc><linkage Sync="TRUE">file://\\UITATECHBP02\C$\Users\bparme01\Documents\classes\Fletcher Spring 2011\exercises\Suitability\Preprocessed_Data\Wind_Study_Area\Wind_Beijing.shp</linkage><protocol Sync="TRUE">Local Area Network</protocol></onLineSrc><transSize Sync="TRUE">3.155</transSize></distorTran><distorFormat><formatName Sync="TRUE">Shapefile</formatName></distorFormat></distributor></distInfo><spdoinfo><direct Sync="TRUE">Vector</direct><ptvctinf><esriterm Name="Wind_Beijing"><efeatyp Sync="TRUE">Simple</efeatyp><efeageom Sync="TRUE">Polygon</efeageom><esritopo Sync="TRUE">FALSE</esritopo><efeacnt Sync="TRUE">15580</efeacnt><spindex Sync="TRUE">TRUE</spindex><linrefer Sync="TRUE">FALSE</linrefer></esriterm><sdtsterm Name="Wind_Beijing"><sdtstype Sync="TRUE">G-polygon</sdtstype><ptvctcnt Sync="TRUE">15580</ptvctcnt></sdtsterm></ptvctinf></spdoinfo><spref><horizsys><cordsysn><geogcsn Sync="TRUE">GCS_WGS_1984</geogcsn><projcsn Sync="TRUE">WGS_1984_UTM_Zone_50N</projcsn></cordsysn><geodetic><horizdn Sync="TRUE">D_WGS_1984</horizdn><ellips Sync="TRUE">WGS_1984</ellips><semiaxis Sync="TRUE">6378137.000000</semiaxis><denflat Sync="TRUE">298.257224</denflat></geodetic><planar><planci><plance Sync="TRUE">coordinate pair</plance><plandu Sync="TRUE">meters</plandu><coordrep><absres Sync="TRUE">0.000000</absres><ordres Sync="TRUE">0.000000</ordres></coordrep></planci><gridsys><gridsysn Sync="TRUE">Universal Transverse Mercator</gridsysn><utm><utmzone Sync="TRUE">50</utmzone><transmer><sfctrmer Sync="TRUE">0.999600</sfctrmer><longcm Sync="TRUE">117.000000</longcm><latprjo Sync="TRUE">0.000000</latprjo><feast Sync="TRUE">500000.000000</feast><fnorth Sync="TRUE">0.000000</fnorth></transmer></utm></gridsys></planar></horizsys></spref><refSysInfo><RefSystem><refSysID><identCode Sync="TRUE">WGS_1984_UTM_Zone_50N</identCode></refSysID></RefSystem></refSysInfo><spatRepInfo><VectSpatRep><topLvl><TopoLevCd Sync="TRUE" value="001"></TopoLevCd></topLvl><geometObjs Name="Wind_Beijing"><geoObjTyp><GeoObjTypCd Sync="TRUE" value="001"></GeoObjTypCd></geoObjTyp><geoObjCnt Sync="TRUE">15580</geoObjCnt></geometObjs></VectSpatRep></spatRepInfo><eainfo><detailed Name="Wind_Beijing"><enttyp><enttypl Sync="TRUE">Wind_Beijing</enttypl><enttypt Sync="TRUE">Feature Class</enttypt><enttypc Sync="TRUE">15580</enttypc></enttyp><attr><attrlabl Sync="TRUE">FID</attrlabl><attalias Sync="TRUE">FID</attalias><attrtype Sync="TRUE">OID</attrtype><attwidth Sync="TRUE">4</attwidth><atprecis Sync="TRUE">0</atprecis><attscale Sync="TRUE">0</attscale><attrdef Sync="TRUE">Internal feature number.</attrdef><attrdefs Sync="TRUE">ESRI</attrdefs><attrdomv><udom Sync="TRUE">Sequential unique whole numbers that are automatically generated.</udom></attrdomv></attr><attr><attrlabl Sync="TRUE">Shape</attrlabl><attalias Sync="TRUE">Shape</attalias><attrtype Sync="TRUE">Geometry</attrtype><attwidth Sync="TRUE">0</attwidth><atprecis Sync="TRUE">0</atprecis><attscale Sync="TRUE">0</attscale><attrdef Sync="TRUE">Feature geometry.</attrdef><attrdefs Sync="TRUE">ESRI</attrdefs><attrdomv><udom Sync="TRUE">Coordinates defining the features.</udom></attrdomv></attr><attr><attrlabl Sync="TRUE">ID</attrlabl><attalias Sync="TRUE">ID</attalias><attrtype Sync="TRUE">Number</attrtype><attwidth Sync="TRUE">10</attwidth></attr><attr><attrlabl Sync="TRUE">GRIDCODE</attrlabl><attalias Sync="TRUE">GRIDCODE</attalias><attrtype Sync="TRUE">Number</attrtype><attwidth Sync="TRUE">10</attwidth></attr></detailed></eainfo><mdDateSt Sync="TRUE">20110317</mdDateSt><dataqual><lineage><procstep><procdesc Sync="TRUE">Metadata imported.</procdesc><srcused Sync="TRUE">C:\Documents and Settings\PGray\Desktop\GISdatazipfiles\Wind_Data\arizona_50mwind.shp.xml</srcused><procdate Sync="TRUE">20090202</procdate><proctime Sync="TRUE">12192500</proctime></procstep><procstep><procdesc Sync="TRUE">Metadata imported.</procdesc><srcused Sync="TRUE">C:\Documents and Settings\PGray\Desktop\GISdatazipfiles\Wind_Data\TN_Wind\TN_50mwind.shp.xml</srcused><procdate Sync="TRUE">20090212</procdate><proctime Sync="TRUE">09565500</proctime></procstep><procstep><procdesc Sync="TRUE">Metadata imported.</procdesc><srcused Sync="TRUE">C:\Documents and Settings\PGray\Desktop\GISdatazipfiles\Wind_Data\OK_50mwind.shp.xml</srcused><procdate Sync="TRUE">20090219</procdate><proctime Sync="TRUE">12235100</proctime></procstep><procstep><procdesc Sync="TRUE">Metadata imported.</procdesc><srcused Sync="TRUE">G:\projects\world\NRELGIS_International\Afghanistan_Pakistan\af_pk_50mwind.shp.xml</srcused><procdate Sync="TRUE">20090219</procdate><proctime Sync="TRUE">12350100</proctime></procstep><procstep><procdesc Sync="TRUE">Metadata imported.</procdesc><srcused Sync="TRUE">G:\projects\world\NRELGIS_International\Chile\Region10_Isle_de_Chiloe\cl_reg10_islachiloe_50mwind.shp.xml</srcused><procdate Sync="TRUE">20090219</procdate><proctime Sync="TRUE">12375100</proctime></procstep><procstep><procdesc Sync="TRUE">Metadata imported.</procdesc><srcused Sync="TRUE">G:\projects\world\NRELGIS_International\Chile\Region10_SW_Coast\cl_reg10_swcoast_50mwind.shp.xml</srcused><procdate Sync="TRUE">20090219</procdate><proctime Sync="TRUE">12395000</proctime></procstep><procstep><procdesc Sync="TRUE">Dataset copied.</procdesc><srcused Sync="TRUE">P:\g\11P_GIS\3iF Suitability\East_ChinaWind\cn_e_50mwind</srcused><procdate Sync="TRUE">20110316</procdate><proctime Sync="TRUE">14171600</proctime></procstep><procstep><procdesc Sync="TRUE">Dataset copied.</procdesc><srcused Sync="TRUE"></srcused><procdate Sync="TRUE">20110316</procdate><proctime Sync="TRUE">17252500</proctime></procstep><procstep><procdesc Sync="TRUE">Dataset moved.</procdesc><srcused Sync="TRUE">H:\Suitability_Exercise\NREL_wind_Beijing</srcused><procdate Sync="TRUE">20110316</procdate><proctime Sync="TRUE">17281100</proctime></procstep><procstep><procdesc Sync="TRUE">Dataset copied.</procdesc><srcused Sync="TRUE">H:\Suitability_Exercise\Prepared_Data\NREL_wind_Beijing</srcused><procdate Sync="TRUE">20110316</procdate><proctime Sync="TRUE">18170000</proctime></procstep><procstep><procdesc Sync="TRUE">Dataset copied.</procdesc><srcused Sync="TRUE">C:\Users\bparme01\Documents\classes\Fletcher Spring 2011\exercises\Suitability\NREL_wind_Beijing</srcused><procdate Sync="TRUE">20110317</procdate><proctime Sync="TRUE">08203300</proctime></procstep></lineage></dataqual></metadata>
